{
    "INTERCEPTION": 269.09286990319094,
    "MIN_VOLT": -0.7142827868568988,
    "MAX_VOLT": 0.24231155502453605,
    "MAX_FLOW": 1.3420368529990014,
    "N_ITER": 94.91442177053058,
    "AFFECTED_ELEM": -3.3715499939335896,
    "CONSTR_GEN_Q": 0.5853237028896312,
    "CONSTR_GEN_U": -8.881784197001252e-14,
    "CONSTR_VOLT": 4.780743374774383,
    "CONSTR_FLOW": 2.122531848127703,
    "RES_NODE": -12.34985357104968,
    "COEF_REPORT": -0.0363171536855853
}