{
    "INTERCEPTION": 658.4221691468623,
    "MIN_VOLT": -0.2817229512691065,
    "MAX_VOLT": 0.4960433568494613,
    "MAX_FLOW": 1.290858983927217,
    "N_ITER": 44.57099033305606,
    "AFFECTED_ELEM": -4.108740304072612,
    "CONSTR_GEN_Q": 1.8009523189639502,
    "CONSTR_GEN_U": -3.517186542012496e-13,
    "CONSTR_VOLT": 4.672724978570376,
    "CONSTR_FLOW": 0.5833716271666991,
    "RES_NODE": -87.5528375798924,
    "COEF_REPORT": -0.0007074262569540246,
    "TAP_CHANGERS": 1.5388643917999723
}